real,predict
31907.0,31916.0
31912.0,31947.0
31914.0,31947.0
31919.0,31956.0
31919.0,31956.0
31919.0,31956.0
31920.0,31956.0
31985.0,31956.0
31985.0,31967.0
31985.0,31977.0
31988.0,32092.0
31988.0,32105.0
32023.0,32108.0
32023.0,32116.0
32024.0,32123.0
32025.0,32123.0
32048.0,32131.0
32048.0,32137.0
32144.0,32137.0
32144.0,32138.0
32146.0,32138.0
32147.0,32150.0
32252.0,32168.0
32252.0,32168.0
32294.0,32168.0
32294.0,32173.0
32297.0,32194.0
32297.0,32200.0
32417.0,32200.0
32417.0,32200.0
32417.0,32200.0
32451.0,32200.0
32451.0,32200.0
32451.0,32200.0
32451.0,32202.0
32451.0,32227.0
32451.0,32234.0
32451.0,32234.0
32451.0,32234.0
32451.0,32241.0
32476.0,32241.0
32476.0,32241.0
32498.0,32241.0
32498.0,32241.0
32502.0,32244.0
32502.0,32245.0
32506.0,32270.0
32506.0,32302.0
32506.0,32307.0
32506.0,32307.0
32506.0,32324.0
32552.0,32337.0
32552.0,32337.0
32560.0,32358.0
32560.0,32358.0
32639.0,32363.0
32639.0,32363.0
32639.0,32375.0
32639.0,32381.0
32663.0,32398.0
32663.0,32400.0
32663.0,32424.0
32668.0,32424.0
32668.0,32424.0
32695.0,32452.0
32737.0,32456.0
32737.0,32474.0
32756.0,32475.0
32760.0,32478.0
32760.0,32504.0
32761.0,32533.0
32761.0,32539.0
32768.0,32542.0
32768.0,32562.0
32769.0,32562.0
32769.0,32562.0
32769.0,32562.0
32769.0,32562.0
32769.0,32562.0
32769.0,32570.0
32769.0,32570.0
32769.0,32570.0
32769.0,32570.0
32769.0,32590.0
32769.0,32612.0
32772.0,32612.0
32776.0,32629.0
32795.0,32676.0
32795.0,32682.0
32848.0,32689.0
32848.0,32689.0
32852.0,32693.0
32852.0,32693.0
32861.0,32693.0
32861.0,32693.0
32862.0,32699.0
32863.0,32708.0
32863.0,32708.0
32927.0,32709.0
32927.0,32724.0
32927.0,32736.0
32927.0,32736.0
33017.0,32736.0
33019.0,32736.0
33027.0,32767.0
33027.0,32771.0
33027.0,32771.0
33027.0,32771.0
33027.0,32776.0
33027.0,32807.0
33027.0,32807.0
33031.0,32811.0
33038.0,32815.0
33121.0,32859.0
33121.0,32890.0
33135.0,32900.0
33186.0,32903.0
33186.0,32903.0
33186.0,32910.0
33186.0,32934.0
33196.0,32934.0
33196.0,32936.0
33201.0,32939.0
33201.0,32955.0
33208.0,32955.0
33276.0,32999.0
33284.0,33003.0
33284.0,33018.0
33284.0,33022.0
33284.0,33073.0
33290.0,33073.0
33295.0,33073.0
33333.0,33073.0
33333.0,33073.0
33338.0,33073.0
33338.0,33074.0
33338.0,33078.0
33338.0,33078.0
33339.0,33082.0
33339.0,33089.0
33339.0,33093.0
33339.0,33097.0
33348.0,33097.0
33348.0,33097.0
33348.0,33103.0
33360.0,33103.0
33383.0,33110.0
33383.0,33117.0
33392.0,33117.0
33392.0,33133.0
33393.0,33133.0
33393.0,33133.0
33424.0,33133.0
33424.0,33133.0
33456.0,33147.0
33460.0,33167.0
33462.0,33167.0
33493.0,33167.0
33493.0,33173.0
33570.0,33176.0
33590.0,33187.0
33590.0,33187.0
33594.0,33187.0
33594.0,33188.0
33594.0,33188.0
33620.0,33195.0
33629.0,33207.0
33655.0,33207.0
33655.0,33207.0
33679.0,33232.0
33679.0,33232.0
33696.0,33238.0
33696.0,33238.0
33704.0,33242.0
33704.0,33277.0
33714.0,33298.0
33770.0,33321.0
33828.0,33351.0
33828.0,33351.0
33830.0,33361.0
33830.0,33368.0
33877.0,33368.0
33877.0,33368.0
33950.0,33368.0
33950.0,33394.0
33959.0,33394.0
33959.0,33394.0
33959.0,33394.0
33959.0,33412.0
33961.0,33416.0
33963.0,33419.0
33963.0,33439.0
33965.0,33476.0
33966.0,33488.0
33967.0,33603.0
33967.0,33618.0
33967.0,33632.0
33968.0,33632.0
33968.0,33632.0
33984.0,33632.0
33984.0,33632.0
34010.0,33632.0
34011.0,33632.0
34011.0,33692.0
34011.0,33700.0
34014.0,33700.0
34019.0,33765.0
34019.0,33814.0
34060.0,33814.0
34060.0,33868.0
34061.0,33868.0
34085.0,33868.0
34085.0,33868.0
34162.0,33868.0
34162.0,33868.0
34162.0,33877.0
34162.0,33892.0
34162.0,33892.0
34162.0,33892.0
34169.0,33967.0
34200.0,33971.0
34203.0,33977.0
34207.0,33977.0
34222.0,33989.0
34222.0,33991.0
34225.0,34012.0
34229.0,34023.0
34244.0,34026.0
34244.0,34036.0
34245.0,34039.0
34245.0,34050.0
34255.0,34071.0
34255.0,34071.0
34255.0,34073.0
34256.0,34094.0
34271.0,34115.0
34272.0,34121.0
34272.0,34132.0
34272.0,34163.0
34273.0,34190.0
34273.0,34190.0
34273.0,34216.0
34273.0,34279.0
34281.0,34280.0
34298.0,34282.0
34298.0,34283.0
34301.0,34283.0
34301.0,34286.0
34301.0,34286.0
34304.0,34309.0
34304.0,34313.0
34308.0,34316.0
34308.0,34316.0
34312.0,34322.0
34314.0,34327.0
34329.0,34327.0
34329.0,34327.0
34329.0,34327.0
34335.0,34374.0
34335.0,34374.0
34340.0,34374.0
34344.0,34374.0
34344.0,34378.0
34344.0,34382.0
34345.0,34382.0
34345.0,34386.0
34345.0,34401.0
34348.0,34401.0
34348.0,34401.0
34361.0,34422.0
34361.0,34422.0
34361.0,34422.0
34361.0,34422.0
34368.0,34422.0
34368.0,34422.0
34372.0,34424.0
34372.0,34456.0
34374.0,34456.0
34374.0,34456.0
34381.0,34456.0
34382.0,34456.0
34383.0,34473.0
34384.0,34473.0
34389.0,34492.0
34397.0,34495.0
34397.0,34503.0
34397.0,34539.0
34398.0,34560.0
34398.0,34565.0
34399.0,34573.0
34399.0,34573.0
34399.0,34587.0
34405.0,34587.0
34406.0,34587.0
34406.0,34587.0
34415.0,34587.0
34415.0,34597.0
34415.0,34602.0
34427.0,34602.0
34428.0,34625.0
34431.0,34628.0
34439.0,34628.0
34446.0,34628.0
34446.0,34628.0
34456.0,34628.0
34456.0,34663.0
34469.0,34663.0
34469.0,34668.0
34469.0,34668.0
34469.0,34668.0
34469.0,34668.0
34469.0,34668.0
34506.0,34673.0
34506.0,34676.0
34523.0,34676.0
34523.0,34676.0
34528.0,34676.0
34528.0,34699.0
34536.0,34706.0
34536.0,34712.0
34536.0,34712.0
34544.0,34716.0
34692.0,34734.0
34692.0,34749.0
34692.0,34751.0
34705.0,34754.0
34705.0,34754.0
34707.0,34764.0
34707.0,34764.0
34707.0,34764.0
34707.0,34777.0
34707.0,34803.0
34707.0,34803.0
34709.0,34803.0
34709.0,34803.0
34709.0,34803.0
34709.0,34803.0
34711.0,34803.0
34712.0,34823.0
34712.0,34823.0
34713.0,34823.0
34713.0,34823.0
34713.0,34855.0
34713.0,34871.0
34713.0,34889.0
34713.0,34903.0
34713.0,34904.0
34713.0,34915.0
34713.0,34935.0
34713.0,34941.0
34713.0,34941.0
34744.0,34948.0
34744.0,34948.0
34748.0,34975.0
34748.0,34977.0
34750.0,34978.0
34827.0,34991.0
34827.0,35004.0
34827.0,35004.0
34827.0,35022.0
34827.0,35022.0
34827.0,35022.0
34830.0,35022.0
34830.0,35022.0
34848.0,35022.0
34857.0,35024.0
34857.0,35047.0
34863.0,35050.0
34868.0,35050.0
34868.0,35050.0
34883.0,35050.0
34883.0,35062.0
34890.0,35062.0
34923.0,35071.0
34923.0,35099.0
34940.0,35100.0
34940.0,35100.0
34950.0,35128.0
34950.0,35128.0
34950.0,35133.0
34950.0,35171.0
34970.0,35171.0
34970.0,35189.0
34974.0,35189.0
34975.0,35189.0
35010.0,35189.0
35010.0,35199.0
35056.0,35203.0
35056.0,35209.0
35056.0,35209.0
35056.0,35211.0
35056.0,35221.0
35056.0,35223.0
35056.0,35232.0
35056.0,35232.0
35068.0,35234.0
35136.0,35247.0
35186.0,35275.0
35186.0,35285.0
35207.0,35289.0
35207.0,35289.0
35482.0,35289.0
35572.0,35293.0
35572.0,35293.0
35579.0,35293.0
35579.0,35293.0
35710.0,35308.0
35710.0,35308.0
35925.0,35326.0
35925.0,35326.0
35936.0,35346.0
35945.0,35346.0
35952.0,35346.0
36054.0,35346.0
36062.0,35350.0
36069.0,35352.0
36069.0,35352.0
36070.0,35352.0
36119.0,35352.0
36127.0,35352.0
36127.0,35352.0
36127.0,35352.0
36127.0,35352.0
36127.0,35352.0
36180.0,35352.0
36183.0,35352.0
36183.0,35352.0
36183.0,35352.0
36183.0,35372.0
36183.0,35379.0
36187.0,35380.0
36187.0,35389.0
36188.0,35434.0
36192.0,35435.0
36192.0,35448.0
36192.0,35454.0
36194.0,35468.0
36196.0,35487.0
36196.0,35514.0
36198.0,35530.0
36236.0,35530.0
36252.0,35536.0
36300.0,35549.0
36305.0,35549.0
36305.0,35549.0
36305.0,35560.0
36305.0,35563.0
36305.0,35583.0
36305.0,35589.0
36305.0,35601.0
36305.0,35617.0
36306.0,35617.0
36306.0,35623.0
36306.0,35623.0
36306.0,35630.0
36307.0,35630.0
36307.0,35630.0
36307.0,35644.0
36307.0,35644.0
36307.0,35644.0
36307.0,35644.0
36307.0,35644.0
36307.0,35644.0
36316.0,35652.0
36324.0,35695.0
36347.0,35695.0
36347.0,35695.0
36429.0,35704.0
36429.0,35723.0
36429.0,35723.0
36429.0,35723.0
36430.0,35735.0
36442.0,35775.0
36442.0,35788.0
36446.0,35790.0
36446.0,35815.0
36446.0,35815.0
36446.0,35816.0
36446.0,35816.0
36446.0,35825.0
36446.0,35825.0
36446.0,35827.0
36446.0,35827.0
36446.0,35852.0
36449.0,35853.0
36449.0,35853.0
36449.0,35856.0
36449.0,35856.0
36452.0,35856.0
36452.0,35865.0
36452.0,35865.0
36452.0,35869.0
36452.0,35876.0
36454.0,35889.0
36454.0,35889.0
36454.0,35896.0
36454.0,35934.0
36456.0,35936.0
36456.0,35942.0
36456.0,35942.0
36456.0,35984.0
36456.0,35984.0
36456.0,35984.0
36457.0,35984.0
36457.0,35984.0
36457.0,35984.0
36457.0,35984.0
36457.0,35984.0
36457.0,35984.0
36457.0,35992.0
36457.0,36032.0
36457.0,36060.0
36457.0,36060.0
36458.0,36060.0
36458.0,36098.0
36458.0,36108.0
36458.0,36108.0
36458.0,36109.0
36458.0,36109.0
36458.0,36150.0
36496.0,36164.0
36613.0,36166.0
36613.0,36173.0
36613.0,36180.0
36613.0,36180.0
36613.0,36183.0
36658.0,36190.0
36699.0,36195.0
36727.0,36198.0
36727.0,36218.0
36789.0,36243.0
36789.0,36273.0
36795.0,36316.0
36795.0,36316.0
36813.0,36318.0
36813.0,36318.0
36813.0,36318.0
36813.0,36318.0
36813.0,36319.0
36813.0,36324.0
36813.0,36324.0
36813.0,36324.0
36848.0,36324.0
36848.0,36356.0
36848.0,36364.0
36848.0,36364.0
36848.0,36364.0
36848.0,36364.0
36848.0,36364.0
36848.0,36364.0
36848.0,36364.0
36895.0,36364.0
36895.0,36394.0
36895.0,36398.0
36915.0,36413.0
36941.0,36413.0
36941.0,36413.0
36943.0,36418.0
36943.0,36423.0
36948.0,36423.0
36952.0,36428.0
36955.0,36431.0
36955.0,36434.0
36960.0,36441.0
36985.0,36448.0
36985.0,36452.0
36985.0,36467.0
37104.0,36472.0
37171.0,36505.0
37171.0,36506.0
37171.0,36517.0
37184.0,36519.0
37184.0,36520.0
37184.0,36521.0
37190.0,36521.0
37190.0,36521.0
37301.0,36521.0
37301.0,36521.0
37301.0,36530.0
37349.0,36530.0
37447.0,36547.0
37447.0,36587.0
37447.0,36587.0
37447.0,36618.0
37448.0,36618.0
37448.0,36622.0
37572.0,36625.0
37572.0,36628.0
37572.0,36640.0
37572.0,36654.0
37572.0,36663.0
37572.0,36671.0
37572.0,36723.0
37572.0,36753.0
37572.0,36753.0
37573.0,36765.0
37573.0,36774.0
37573.0,36782.0
37573.0,36790.0
37573.0,36790.0
37573.0,36854.0
37573.0,36854.0
37573.0,36854.0
37574.0,36881.0
37574.0,36883.0
37575.0,36922.0
37598.0,36922.0
37598.0,36922.0
37598.0,36922.0
37599.0,36922.0
37599.0,36925.0
37599.0,36925.0
37599.0,36930.0
37599.0,36930.0
37600.0,36939.0
37600.0,36939.0
37600.0,36939.0
37600.0,36940.0
37600.0,36940.0
37635.0,36940.0
37635.0,36945.0
37636.0,36989.0
37643.0,37022.0
37661.0,37035.0
37700.0,37049.0
37706.0,37070.0
37706.0,37080.0
37738.0,37080.0
37738.0,37080.0
37768.0,37085.0
37825.0,37087.0
37882.0,37087.0
37882.0,37087.0
37917.0,37087.0
37917.0,37087.0
37917.0,37087.0
37944.0,37093.0
37944.0,37093.0
37980.0,37096.0
37980.0,37135.0
37980.0,37165.0
37980.0,37194.0
37980.0,37199.0
37983.0,37204.0
37996.0,37204.0
37996.0,37225.0
38001.0,37225.0
38001.0,37236.0
38001.0,37238.0
38001.0,37242.0
38026.0,37255.0
38072.0,37255.0
38114.0,37255.0
38114.0,37255.0
38119.0,37295.0
38127.0,37332.0
38144.0,37334.0
38144.0,37334.0
38144.0,37340.0
38144.0,37341.0
38144.0,37372.0
38146.0,37372.0
38146.0,37372.0
38148.0,37372.0
38148.0,37374.0
38148.0,37382.0
38148.0,37382.0
38148.0,37382.0
38151.0,37383.0
38158.0,37383.0
38183.0,37389.0
38216.0,37389.0
38216.0,37399.0
38216.0,37399.0
38232.0,37399.0
38243.0,37399.0
38243.0,37399.0
38250.0,37399.0
38251.0,37399.0
38251.0,37399.0
38251.0,37399.0
38272.0,37399.0
38295.0,37399.0
38295.0,37399.0
38295.0,37399.0
38295.0,37399.0
38295.0,37409.0
38316.0,37436.0
38316.0,37436.0
38316.0,37464.0
38324.0,37468.0
38324.0,37468.0
38326.0,37468.0
38326.0,37468.0
38326.0,37468.0
38326.0,37487.0
38326.0,37497.0
38375.0,37497.0
38375.0,37497.0
38378.0,37500.0
38380.0,37524.0
38380.0,37524.0
38380.0,37528.0
38380.0,37531.0
38380.0,37531.0
38380.0,37531.0
38380.0,37568.0
38380.0,37568.0
38380.0,37576.0
38382.0,37576.0
38382.0,37576.0
38382.0,37595.0
38382.0,37595.0
38383.0,37611.0
38403.0,37618.0
38418.0,37645.0
38418.0,37645.0
38418.0,37680.0
38418.0,37687.0
38418.0,37710.0
38657.0,37717.0
38657.0,37717.0
38660.0,37717.0
38660.0,37717.0
38660.0,37717.0
38719.0,37719.0
38755.0,37719.0
38755.0,37746.0
38755.0,37762.0
38755.0,37768.0
38755.0,37768.0
38856.0,37768.0
38856.0,37779.0
38920.0,37781.0
39000.0,37781.0
39000.0,37781.0
39025.0,37781.0
39025.0,37781.0
39025.0,37781.0
39025.0,37781.0
39025.0,37781.0
39025.0,37784.0
39025.0,37784.0
39025.0,37784.0
39025.0,37795.0
39025.0,37795.0
39028.0,37795.0
39028.0,37810.0
39074.0,37855.0
39074.0,37888.0
39106.0,37888.0
39129.0,37888.0
39209.0,37888.0
39209.0,37888.0
39209.0,37926.0
39402.0,37934.0
39402.0,37950.0
39402.0,37964.0
39402.0,37989.0
39402.0,38012.0
39403.0,38044.0
39404.0,38049.0
39404.0,38049.0
39404.0,38070.0
39404.0,38088.0
39404.0,38130.0
39404.0,38135.0
39479.0,38135.0
39511.0,38151.0
39601.0,38151.0
39601.0,38174.0
39601.0,38174.0
39601.0,38197.0
39601.0,38210.0
39602.0,38212.0
39605.0,38212.0
39607.0,38213.0
39633.0,38224.0
39636.0,38226.0
39636.0,38259.0
39642.0,38259.0
39681.0,38259.0
39681.0,38259.0
39681.0,38264.0
39682.0,38264.0
39682.0,38264.0
39682.0,38264.0
39682.0,38264.0
39682.0,38266.0
39682.0,38266.0
39682.0,38266.0
39683.0,38286.0
39683.0,38306.0
39683.0,38320.0
39683.0,38320.0
39683.0,38365.0
39683.0,38413.0
39683.0,38433.0
39683.0,38438.0
39683.0,38485.0
39683.0,38491.0
39683.0,38501.0
39683.0,38508.0
39683.0,38515.0
39690.0,38519.0
39841.0,38519.0
39841.0,38519.0
39841.0,38536.0
39908.0,38536.0
40042.0,38547.0
40126.0,38547.0
40136.0,38549.0
40141.0,38549.0
40142.0,38553.0
40148.0,38553.0
40151.0,38560.0
40174.0,38583.0
40178.0,38583.0
40178.0,38612.0
40181.0,38612.0
40184.0,38658.0
40184.0,38675.0
40184.0,38675.0
40184.0,38675.0
40185.0,38675.0
40187.0,38678.0
40187.0,38678.0
40188.0,38690.0
40189.0,38702.0
40189.0,38782.0
40189.0,38801.0
40189.0,38804.0
40190.0,38804.0
40192.0,38804.0
40201.0,38804.0
40203.0,38820.0
40203.0,38822.0
40212.0,38823.0
40228.0,38823.0
40228.0,38823.0
40236.0,38848.0
40265.0,38853.0
40271.0,38854.0
40271.0,38854.0
40309.0,38855.0
40309.0,38860.0
40323.0,38864.0
40323.0,38865.0
40323.0,38865.0
40324.0,38874.0
40324.0,38874.0
40325.0,38874.0
40358.0,38880.0
40358.0,38880.0
40366.0,38880.0
40367.0,38880.0
40377.0,38884.0
40397.0,38912.0
40399.0,38949.0
40419.0,39009.0
40469.0,39019.0
40505.0,39019.0
40505.0,39019.0
40508.0,39019.0
40508.0,39019.0
40537.0,39020.0
40537.0,39031.0
40610.0,39095.0
40638.0,39096.0
40638.0,39102.0
40643.0,39121.0
40679.0,39140.0
40693.0,39143.0
40725.0,39144.0
40763.0,39151.0
40773.0,39161.0
40773.0,39168.0
40773.0,39168.0
40819.0,39168.0
40844.0,39168.0
40857.0,39168.0
41034.0,39179.0
41034.0,39179.0
41077.0,39181.0
41077.0,39193.0
41106.0,39198.0
41107.0,39208.0
41109.0,39208.0
41146.0,39208.0
41146.0,39211.0
41147.0,39218.0
41156.0,39218.0
41157.0,39218.0
41164.0,39243.0
41388.0,39264.0
41406.0,39271.0
41406.0,39298.0
41410.0,39298.0
41410.0,39318.0
41730.0,39322.0
41730.0,39374.0
41730.0,39374.0
41990.0,39382.0
42082.0,39405.0
42082.0,39409.0
42082.0,39422.0
42088.0,39439.0
42091.0,39455.0
42091.0,39460.0
42102.0,39479.0
42147.0,39481.0
42147.0,39486.0
42166.0,39486.0
42167.0,39486.0
42201.0,39486.0
42201.0,39486.0
42202.0,39486.0
42300.0,39486.0
42449.0,39486.0
42525.0,39486.0
42525.0,39488.0
42759.0,39514.0
42831.0,39527.0
42831.0,39553.0
42844.0,39553.0
42855.0,39553.0
42855.0,39560.0
42856.0,39560.0
42858.0,39560.0
42866.0,39565.0
42866.0,39611.0
42875.0,39631.0
42875.0,39637.0
43093.0,39706.0
43093.0,39706.0
43105.0,39706.0
43107.0,39706.0
43110.0,39706.0
43128.0,39706.0
43128.0,39721.0
43201.0,39723.0
43201.0,39723.0
43201.0,39723.0
43201.0,39734.0
43201.0,39734.0
43201.0,39734.0
43201.0,39734.0
43201.0,39734.0
43206.0,39734.0
43270.0,39734.0
43278.0,39734.0
43328.0,39734.0
43459.0,39734.0
43459.0,39734.0
43472.0,39734.0
43472.0,39734.0
43489.0,39734.0
43514.0,39734.0
43514.0,39734.0
43537.0,39734.0
43571.0,39734.0
43579.0,39734.0
43579.0,39742.0
43599.0,39747.0
43599.0,39747.0
43599.0,39747.0
43622.0,39769.0
43622.0,39769.0
43622.0,39769.0
43627.0,39791.0
43644.0,39791.0
43674.0,39791.0
43677.0,39791.0
43677.0,39791.0
43678.0,39791.0
43706.0,39808.0
43709.0,39819.0
43737.0,39819.0
43741.0,39819.0
43858.0,39824.0
44230.0,39824.0
44243.0,39837.0
44271.0,39837.0
44412.0,39839.0
44412.0,39840.0
44449.0,39852.0
44449.0,39852.0
44449.0,39862.0
44449.0,39862.0
44449.0,39873.0
44449.0,39873.0
44472.0,39873.0
44635.0,39886.0
44643.0,39886.0
44712.0,39898.0
44807.0,39913.0
44838.0,39913.0
45299.0,39913.0
45359.0,39913.0
45418.0,39913.0
45426.0,39913.0
45432.0,39917.0
45894.0,39934.0
45894.0,39934.0
45901.0,39935.0
45902.0,39976.0
45929.0,39977.0
46031.0,39979.0
46031.0,39999.0
46154.0,39999.0
46154.0,40061.0
46191.0,40075.0
46246.0,40094.0
46500.0,40094.0
46504.0,40094.0
46510.0,40094.0
46525.0,40114.0
46566.0,40147.0
46594.0,40147.0
46612.0,40150.0
47008.0,40155.0
47008.0,40163.0
47008.0,40167.0
47080.0,40201.0
47092.0,40206.0
47124.0,40206.0
47135.0,40206.0
47701.0,40206.0
47701.0,40208.0
47752.0,40212.0
47752.0,40212.0
47760.0,40220.0
47760.0,40220.0
47816.0,40220.0
47816.0,40220.0
47824.0,40258.0
47847.0,40263.0
47951.0,40279.0
48229.0,40279.0
48229.0,40279.0
48601.0,40279.0
48650.0,40279.0
48771.0,40279.0
49429.0,40279.0
49429.0,40279.0
49440.0,40293.0
49831.0,40313.0
49835.0,40318.0
49840.0,40322.0
49843.0,40322.0
49846.0,40322.0
49850.0,40322.0
49850.0,40323.0
49903.0,40325.0
50340.0,40325.0
50340.0,40333.0
50340.0,40333.0
50340.0,40364.0
50340.0,40364.0
0.0,40364.0
0.0,40376.0
0.0,40383.0
0.0,40398.0
0.0,40398.0
0.0,40398.0
0.0,40398.0
0.0,40398.0
0.0,40398.0
0.0,40401.0
0.0,40415.0
0.0,40424.0
0.0,40465.0
0.0,40465.0
0.0,40476.0
0.0,40508.0
0.0,40508.0
0.0,40508.0
0.0,40512.0
0.0,40512.0
0.0,40583.0
0.0,40610.0
0.0,40610.0
0.0,40688.0
0.0,40689.0
0.0,40689.0
0.0,40689.0
0.0,40689.0
0.0,40694.0
0.0,40694.0
0.0,40694.0
0.0,40724.0
0.0,40726.0
0.0,40726.0
0.0,40726.0
0.0,40730.0
0.0,40738.0
0.0,40738.0
0.0,40738.0
0.0,40738.0
0.0,40740.0
0.0,40742.0
0.0,40747.0
0.0,40747.0
0.0,40747.0
0.0,40747.0
0.0,40747.0
0.0,40747.0
0.0,40747.0
0.0,40748.0
0.0,40755.0
0.0,40755.0
0.0,40755.0
0.0,40755.0
0.0,40755.0
0.0,40755.0
0.0,40766.0
0.0,40766.0
0.0,40766.0
0.0,40766.0
0.0,40766.0
0.0,40766.0
0.0,40766.0
0.0,40766.0
0.0,40777.0
0.0,40777.0
0.0,40783.0
0.0,40783.0
0.0,40784.0
0.0,40805.0
0.0,40805.0
0.0,40805.0
0.0,40806.0
0.0,40812.0
0.0,40823.0
0.0,40823.0
0.0,40823.0
0.0,40823.0
0.0,40836.0
0.0,40836.0
0.0,40836.0
0.0,40836.0
0.0,40863.0
0.0,40869.0
0.0,40875.0
0.0,40896.0
0.0,40904.0
0.0,40904.0
0.0,40906.0
0.0,40906.0
0.0,40907.0
0.0,40919.0
0.0,40922.0
0.0,40935.0
0.0,40939.0
0.0,40948.0
0.0,40982.0
0.0,40982.0
0.0,40988.0
0.0,40999.0
0.0,41004.0
0.0,41033.0
0.0,41033.0
0.0,41033.0
0.0,41062.0
0.0,41069.0
0.0,41069.0
0.0,41069.0
0.0,41069.0
0.0,41069.0
0.0,41069.0
0.0,41069.0
0.0,41074.0
0.0,41074.0
0.0,41076.0
0.0,41076.0
0.0,41083.0
0.0,41083.0
0.0,41083.0
0.0,41083.0
0.0,41100.0
0.0,41106.0
0.0,41114.0
0.0,41120.0
0.0,41154.0
0.0,41192.0
0.0,41192.0
0.0,41221.0
0.0,41225.0
0.0,41234.0
0.0,41248.0
0.0,41248.0
0.0,41258.0
0.0,41292.0
0.0,41298.0
0.0,41326.0
0.0,41339.0
0.0,41370.0
0.0,41378.0
0.0,41387.0
0.0,41387.0
0.0,41387.0
0.0,41418.0
0.0,41418.0
0.0,41420.0
0.0,41446.0
0.0,41446.0
0.0,41454.0
0.0,41456.0
0.0,41456.0
0.0,41456.0
0.0,41458.0
0.0,41464.0
0.0,41467.0
0.0,41468.0
0.0,41475.0
0.0,41508.0
0.0,41508.0
0.0,41508.0
0.0,41508.0
0.0,41540.0
0.0,41540.0
0.0,41540.0
0.0,41546.0
0.0,41570.0
0.0,41572.0
0.0,41585.0
0.0,41596.0
0.0,41596.0
0.0,41596.0
0.0,41635.0
0.0,41648.0
0.0,41648.0
0.0,41659.0
0.0,41660.0
0.0,41660.0
0.0,41660.0
0.0,41660.0
0.0,41660.0
0.0,41660.0
0.0,41660.0
0.0,41660.0
0.0,41672.0
0.0,41672.0
0.0,41694.0
0.0,41695.0
0.0,41695.0
0.0,41695.0
0.0,41718.0
0.0,41725.0
0.0,41725.0
0.0,41734.0
0.0,41734.0
0.0,41734.0
0.0,41757.0
0.0,41757.0
0.0,41785.0
0.0,41794.0
0.0,41824.0
0.0,41824.0
0.0,41824.0
0.0,41824.0
0.0,41832.0
0.0,41832.0
0.0,41832.0
0.0,41836.0
0.0,41836.0
0.0,41838.0
0.0,41838.0
0.0,41838.0
0.0,41838.0
0.0,41838.0
0.0,41838.0
0.0,41838.0
0.0,41843.0
0.0,41868.0
0.0,41876.0
0.0,41876.0
0.0,41876.0
0.0,41896.0
0.0,41896.0
0.0,41896.0
0.0,41916.0
0.0,41938.0
0.0,41938.0
0.0,41940.0
0.0,41943.0
0.0,41956.0
0.0,41956.0
0.0,41956.0
0.0,41956.0
0.0,41956.0
0.0,41956.0
0.0,41956.0
0.0,41956.0
0.0,41956.0
0.0,41956.0
0.0,41956.0
0.0,41964.0
0.0,41965.0
0.0,41979.0
0.0,41989.0
0.0,41989.0
0.0,41989.0
0.0,42007.0
0.0,42019.0
0.0,42025.0
0.0,42073.0
0.0,42075.0
0.0,42091.0
0.0,42137.0
0.0,42152.0
0.0,42152.0
0.0,42152.0
0.0,42171.0
0.0,42171.0
0.0,42195.0
0.0,42244.0
0.0,42244.0
0.0,42250.0
0.0,42250.0
0.0,42252.0
0.0,42252.0
0.0,42277.0
0.0,42279.0
0.0,42290.0
0.0,42290.0
0.0,42290.0
0.0,42304.0
0.0,42304.0
0.0,42304.0
0.0,42304.0
0.0,42304.0
0.0,42311.0
0.0,42314.0
0.0,42314.0
0.0,42316.0
0.0,42317.0
0.0,42317.0
0.0,42324.0
0.0,42326.0
0.0,42326.0
0.0,42342.0
0.0,42342.0
0.0,42342.0
0.0,42344.0
0.0,42355.0
0.0,42355.0
0.0,42355.0
0.0,42365.0
0.0,42373.0
0.0,42384.0
0.0,42384.0
0.0,42393.0
0.0,42398.0
0.0,42399.0
0.0,42448.0
0.0,42448.0
0.0,42448.0
0.0,42452.0
0.0,42456.0
0.0,42460.0
0.0,42460.0
0.0,42460.0
0.0,42460.0
0.0,42460.0
0.0,42460.0
0.0,42460.0
0.0,42460.0
0.0,42460.0
0.0,42460.0
0.0,42460.0
0.0,42460.0
0.0,42460.0
0.0,42460.0
0.0,42460.0
0.0,42480.0
0.0,42499.0
0.0,42499.0
0.0,42513.0
0.0,42513.0
0.0,42535.0
0.0,42541.0
0.0,42547.0
0.0,42547.0
0.0,42552.0
0.0,42566.0
0.0,42582.0
0.0,42582.0
0.0,42582.0
0.0,42587.0
0.0,42596.0
0.0,42634.0
0.0,42641.0
0.0,42657.0
0.0,42657.0
0.0,42657.0
0.0,42662.0
0.0,42662.0
0.0,42679.0
0.0,42686.0
0.0,42688.0
0.0,42690.0
0.0,42711.0
0.0,42719.0
0.0,42719.0
0.0,42721.0
0.0,42721.0
0.0,42721.0
0.0,42721.0
0.0,42721.0
0.0,42721.0
0.0,42766.0
0.0,42836.0
0.0,42838.0
0.0,42904.0
0.0,42904.0
0.0,42924.0
0.0,42924.0
0.0,42924.0
0.0,42924.0
0.0,42924.0
0.0,42924.0
0.0,42942.0
0.0,42959.0
0.0,42959.0
0.0,42959.0
0.0,42959.0
0.0,42973.0
0.0,42983.0
0.0,42998.0
0.0,43019.0
0.0,43029.0
0.0,43038.0
0.0,43038.0
0.0,43045.0
0.0,43045.0
0.0,43058.0
0.0,43065.0
0.0,43065.0
0.0,43065.0
0.0,43065.0
0.0,43074.0
0.0,43080.0
0.0,43080.0
0.0,43080.0
0.0,43080.0
0.0,43087.0
0.0,43089.0
0.0,43111.0
0.0,43111.0
0.0,43111.0
0.0,43111.0
0.0,43111.0
0.0,43111.0
0.0,43111.0
0.0,43111.0
0.0,43111.0
0.0,43111.0
0.0,43137.0
0.0,43152.0
0.0,43193.0
0.0,43193.0
0.0,43198.0
0.0,43198.0
0.0,43198.0
0.0,43198.0
0.0,43198.0
0.0,43217.0
0.0,43221.0
0.0,43223.0
0.0,43235.0
0.0,43255.0
0.0,43276.0
0.0,43311.0
0.0,43318.0
0.0,43323.0
0.0,43323.0
0.0,43325.0
0.0,43328.0
0.0,43328.0
0.0,43328.0
0.0,43328.0
0.0,43347.0
0.0,43347.0
0.0,43374.0
0.0,43375.0
0.0,43375.0
0.0,43375.0
0.0,43375.0
0.0,43378.0
0.0,43378.0
0.0,43421.0
0.0,43428.0
0.0,43448.0
0.0,43448.0
0.0,43448.0
0.0,43448.0
0.0,43465.0
0.0,43469.0
0.0,43472.0
0.0,43472.0
0.0,43486.0
0.0,43492.0
0.0,43512.0
0.0,43512.0
0.0,43517.0
0.0,43523.0
0.0,43558.0
0.0,43579.0
0.0,43583.0
0.0,43591.0
0.0,43591.0
0.0,43600.0
0.0,43601.0
0.0,43608.0
0.0,43676.0
0.0,43676.0
0.0,43676.0
0.0,43676.0
0.0,43676.0
0.0,43676.0
0.0,43676.0
0.0,43676.0
0.0,43682.0
0.0,43710.0
0.0,43710.0
0.0,43710.0
0.0,43721.0
0.0,43730.0
0.0,43732.0
0.0,43759.0
0.0,43759.0
0.0,43766.0
0.0,43766.0
0.0,43769.0
0.0,43772.0
0.0,43772.0
0.0,43782.0
0.0,43782.0
0.0,43782.0
0.0,43782.0
0.0,43782.0
0.0,43788.0
0.0,43798.0
0.0,43806.0
0.0,43828.0
0.0,43828.0
0.0,43828.0
0.0,43828.0
0.0,43828.0
0.0,43828.0
0.0,43828.0
0.0,43828.0
0.0,43828.0
0.0,43828.0
0.0,43828.0
0.0,43828.0
0.0,43828.0
0.0,43828.0
0.0,43828.0
0.0,43828.0
0.0,43831.0
0.0,43834.0
0.0,43834.0
0.0,43834.0
0.0,43836.0
0.0,43836.0
0.0,43840.0
0.0,43875.0
0.0,43880.0
0.0,43885.0
0.0,43893.0
0.0,43893.0
0.0,43893.0
0.0,43915.0
0.0,43921.0
0.0,43921.0
0.0,43937.0
0.0,43937.0
0.0,43937.0
0.0,43937.0
0.0,43937.0
0.0,43937.0
0.0,43937.0
0.0,43937.0
0.0,43964.0
0.0,43992.0
0.0,44004.0
0.0,44005.0
0.0,44005.0
0.0,44046.0
0.0,44053.0
0.0,44053.0
0.0,44053.0
0.0,44053.0
0.0,44053.0
0.0,44053.0
0.0,44069.0
0.0,44073.0
0.0,44073.0
0.0,44073.0
0.0,44073.0
0.0,44136.0
0.0,44136.0
0.0,44136.0
0.0,44136.0
0.0,44138.0
0.0,44138.0
0.0,44138.0
0.0,44138.0
0.0,44138.0
0.0,44138.0
0.0,44146.0
0.0,44146.0
0.0,44146.0
0.0,44146.0
0.0,44146.0
0.0,44146.0
0.0,44191.0
0.0,44199.0
0.0,44216.0
0.0,44219.0
0.0,44220.0
0.0,44221.0
0.0,44221.0
0.0,44221.0
0.0,44221.0
0.0,44221.0
0.0,44221.0
0.0,44238.0
0.0,44239.0
0.0,44246.0
0.0,44246.0
0.0,44281.0
0.0,44282.0
0.0,44282.0
0.0,44315.0
0.0,44320.0
0.0,44323.0
0.0,44340.0
0.0,44371.0
0.0,44386.0
0.0,44389.0
0.0,44399.0
0.0,44399.0
0.0,44423.0
0.0,44442.0
0.0,44443.0
0.0,44444.0
0.0,44444.0
0.0,44444.0
0.0,44444.0
0.0,44444.0
0.0,44444.0
0.0,44444.0
0.0,44444.0
0.0,44444.0
0.0,44444.0
0.0,44444.0
0.0,44449.0
0.0,44449.0
0.0,44449.0
0.0,44449.0
0.0,44449.0
0.0,44485.0
0.0,44485.0
0.0,44585.0
0.0,44597.0
0.0,44643.0
0.0,44647.0
0.0,44647.0
0.0,44647.0
0.0,44647.0
0.0,44651.0
0.0,44654.0
0.0,44654.0
0.0,44654.0
0.0,44654.0
0.0,44654.0
0.0,44654.0
0.0,44654.0
0.0,44669.0
0.0,44669.0
0.0,44669.0
0.0,44677.0
0.0,44680.0
0.0,44680.0
0.0,44680.0
0.0,44680.0
0.0,44686.0
0.0,44702.0
0.0,44702.0
0.0,44702.0
0.0,44702.0
0.0,44702.0
0.0,44702.0
0.0,44702.0
0.0,44702.0
0.0,44702.0
0.0,44702.0
0.0,44730.0
0.0,44730.0
0.0,44736.0
0.0,44736.0
0.0,44748.0
0.0,44807.0
0.0,44807.0
0.0,44808.0
0.0,44813.0
0.0,44825.0
0.0,44825.0
0.0,44875.0
0.0,44898.0
0.0,44902.0
0.0,44902.0
0.0,44902.0
0.0,44902.0
0.0,44912.0
0.0,44926.0
0.0,44926.0
0.0,44926.0
0.0,44926.0
0.0,44926.0
0.0,44926.0
0.0,44929.0
0.0,44947.0
0.0,44947.0
0.0,44947.0
0.0,44947.0
0.0,44947.0
0.0,44947.0
0.0,44947.0
0.0,44947.0
0.0,44947.0
0.0,44947.0
0.0,44947.0
0.0,44947.0
0.0,44947.0
0.0,44947.0
0.0,44947.0
0.0,44947.0
0.0,44947.0
0.0,44969.0
0.0,44971.0
0.0,44990.0
0.0,45005.0
0.0,45030.0
0.0,45030.0
0.0,45030.0
0.0,45045.0
0.0,45045.0
0.0,45045.0
0.0,45045.0
0.0,45045.0
0.0,45053.0
0.0,45064.0
0.0,45074.0
0.0,45074.0
0.0,45077.0
0.0,45112.0
0.0,45112.0
0.0,45112.0
0.0,45112.0
0.0,45113.0
0.0,45121.0
0.0,45128.0
0.0,45128.0
0.0,45128.0
0.0,45128.0
0.0,45143.0
0.0,45143.0
0.0,45167.0
0.0,45179.0
0.0,45179.0
0.0,45179.0
0.0,45179.0
0.0,45179.0
0.0,45179.0
0.0,45179.0
0.0,45188.0
0.0,45201.0
0.0,45211.0
0.0,45211.0
0.0,45218.0
0.0,45218.0
0.0,45235.0
0.0,45235.0
0.0,45240.0
0.0,45272.0
0.0,45306.0
0.0,45307.0
0.0,45307.0
0.0,45319.0
0.0,45331.0
0.0,45331.0
0.0,45332.0
0.0,45336.0
0.0,45346.0
0.0,45346.0
0.0,45346.0
0.0,45356.0
0.0,45375.0
0.0,45382.0
0.0,45382.0
0.0,45382.0
0.0,45382.0
0.0,45385.0
0.0,45385.0
0.0,45395.0
0.0,45395.0
0.0,45400.0
0.0,45400.0
0.0,45400.0
0.0,45407.0
0.0,45407.0
0.0,45442.0
0.0,45447.0
0.0,45447.0
0.0,45447.0
0.0,45447.0
0.0,45447.0
0.0,45447.0
0.0,45458.0
0.0,45480.0
0.0,45480.0
0.0,45480.0
0.0,45550.0
0.0,45589.0
0.0,45606.0
0.0,45609.0
0.0,45609.0
0.0,45641.0
0.0,45642.0
0.0,45643.0
0.0,45665.0
0.0,45665.0
0.0,45683.0
0.0,45683.0
0.0,45690.0
0.0,45701.0
0.0,45701.0
0.0,45728.0
0.0,45732.0
0.0,45740.0
0.0,45740.0
0.0,45780.0
0.0,45780.0
0.0,45780.0
0.0,45780.0
0.0,45780.0
0.0,45791.0
0.0,45791.0
0.0,45791.0
0.0,45791.0
0.0,45791.0
0.0,45791.0
0.0,45791.0
0.0,45791.0
0.0,45791.0
0.0,45794.0
0.0,45794.0
0.0,45794.0
0.0,45794.0
0.0,45794.0
0.0,45811.0
0.0,45811.0
0.0,45845.0
0.0,45857.0
0.0,45870.0
0.0,45891.0
0.0,45891.0
0.0,45891.0
0.0,45891.0
0.0,45891.0
0.0,45891.0
0.0,45893.0
0.0,45899.0
0.0,45899.0
0.0,45906.0
0.0,45924.0
0.0,45926.0
0.0,45943.0
0.0,45951.0
0.0,45951.0
0.0,45963.0
0.0,45970.0
0.0,45970.0
0.0,45970.0
0.0,45970.0
0.0,45983.0
0.0,45983.0
0.0,45983.0
0.0,45983.0
0.0,45983.0
0.0,45983.0
0.0,45983.0
0.0,45983.0
0.0,45986.0
0.0,45986.0
0.0,45986.0
0.0,45986.0
0.0,45986.0
0.0,46010.0
0.0,46010.0
0.0,46013.0
0.0,46027.0
0.0,46027.0
0.0,46027.0
0.0,46027.0
0.0,46027.0
0.0,46027.0
0.0,46027.0
0.0,46063.0
0.0,46079.0
0.0,46085.0
0.0,46116.0
0.0,46116.0
0.0,46117.0
0.0,46123.0
0.0,46154.0
0.0,46177.0
0.0,46177.0
0.0,46177.0
0.0,46177.0
0.0,46177.0
0.0,46177.0
0.0,46177.0
0.0,46177.0
0.0,46177.0
0.0,46177.0
0.0,46190.0
0.0,46190.0
0.0,46190.0
0.0,46190.0
0.0,46209.0
0.0,46221.0
0.0,46221.0
0.0,46221.0
0.0,46221.0
0.0,46221.0
0.0,46221.0
0.0,46221.0
0.0,46221.0
0.0,46233.0
0.0,46233.0
0.0,46238.0
0.0,46270.0
0.0,46270.0
0.0,46270.0
0.0,46270.0
0.0,46281.0
0.0,46292.0
0.0,46321.0
0.0,46328.0
0.0,46329.0
0.0,46356.0
0.0,46356.0
0.0,46356.0
0.0,46356.0
0.0,46356.0
0.0,46356.0
0.0,46367.0
0.0,46371.0
0.0,46419.0
0.0,46419.0
0.0,46419.0
0.0,46435.0
0.0,46442.0
0.0,46442.0
0.0,46442.0
0.0,46442.0
0.0,46452.0
0.0,46457.0
0.0,46457.0
0.0,46457.0
0.0,46463.0
0.0,46471.0
0.0,46532.0
0.0,46532.0
0.0,46533.0
0.0,46533.0
0.0,46533.0
0.0,46533.0
0.0,46533.0
0.0,46533.0
0.0,46535.0
0.0,46543.0
0.0,46552.0
0.0,46565.0
0.0,46579.0
0.0,46579.0
0.0,46628.0
0.0,46628.0
0.0,46650.0
0.0,46655.0
0.0,46655.0
0.0,46655.0
0.0,46655.0
0.0,46655.0
0.0,46657.0
0.0,46658.0
0.0,46658.0
0.0,46658.0
0.0,46692.0
0.0,46702.0
0.0,46725.0
0.0,46726.0
0.0,46726.0
0.0,46742.0
0.0,46749.0
0.0,46749.0
0.0,46757.0
0.0,46768.0
0.0,46809.0
0.0,46809.0
0.0,46809.0
0.0,46809.0
0.0,46812.0
0.0,46812.0
0.0,46812.0
0.0,46814.0
0.0,46814.0
0.0,46814.0
0.0,46818.0
0.0,46862.0
0.0,46862.0
0.0,46862.0
0.0,46862.0
0.0,46862.0
0.0,46862.0
0.0,46862.0
0.0,46863.0
0.0,46863.0
0.0,46875.0
0.0,46875.0
0.0,46875.0
0.0,46878.0
0.0,46913.0
0.0,46916.0
0.0,46916.0
0.0,46920.0
0.0,46947.0
0.0,46947.0
0.0,46947.0
0.0,46950.0
0.0,46958.0
0.0,46958.0
0.0,46958.0
0.0,46958.0
0.0,46958.0
0.0,46959.0
0.0,46978.0
0.0,46978.0
0.0,46978.0
0.0,46985.0
0.0,46985.0
0.0,46990.0
0.0,46990.0
0.0,47003.0
0.0,47005.0
0.0,47017.0
0.0,47017.0
0.0,47017.0
0.0,47017.0
0.0,47017.0
0.0,47017.0
0.0,47024.0
0.0,47024.0
0.0,47024.0
0.0,47041.0
0.0,47044.0
0.0,47044.0
0.0,47047.0
0.0,47047.0
0.0,47051.0
0.0,47060.0
0.0,47061.0
0.0,47061.0
0.0,47066.0
0.0,47090.0
0.0,47090.0
0.0,47090.0
0.0,47090.0
0.0,47111.0
0.0,47114.0
0.0,47114.0
0.0,47114.0
0.0,47125.0
0.0,47125.0
0.0,47125.0
0.0,47125.0
0.0,47125.0
0.0,47144.0
0.0,47152.0
0.0,47152.0
0.0,47152.0
0.0,47152.0
0.0,47152.0
0.0,47152.0
0.0,47152.0
0.0,47152.0
0.0,47152.0
0.0,47172.0
0.0,47184.0
0.0,47185.0
0.0,47196.0
0.0,47202.0
0.0,47202.0
0.0,47205.0
0.0,47205.0
0.0,47205.0
0.0,47212.0
0.0,47212.0
0.0,47213.0
0.0,47221.0
0.0,47255.0
0.0,47286.0
0.0,47302.0
0.0,47302.0
0.0,47302.0
0.0,47320.0
0.0,47343.0
0.0,47343.0
0.0,47343.0
0.0,47348.0
0.0,47350.0
0.0,47373.0
0.0,47373.0
0.0,47393.0
0.0,47395.0
0.0,47399.0
0.0,47425.0
0.0,47433.0
0.0,47433.0
0.0,47433.0
0.0,47456.0
0.0,47477.0
0.0,47477.0
0.0,47477.0
0.0,47477.0
0.0,47520.0
0.0,47520.0
0.0,47524.0
0.0,47529.0
0.0,47533.0
0.0,47534.0
0.0,47589.0
0.0,47593.0
0.0,47622.0
0.0,47623.0
0.0,47623.0
0.0,47680.0
0.0,47685.0
0.0,47685.0
0.0,47685.0
0.0,47685.0
0.0,47685.0
0.0,47685.0
0.0,47691.0
0.0,47701.0
0.0,47701.0
0.0,47733.0
0.0,47743.0
0.0,47743.0
0.0,47743.0
0.0,47743.0
0.0,47743.0
0.0,47743.0
0.0,47755.0
0.0,47758.0
0.0,47778.0
0.0,47778.0
0.0,47791.0
0.0,47800.0
0.0,47801.0
0.0,47801.0
0.0,47801.0
0.0,47801.0
0.0,47844.0
0.0,47844.0
0.0,47878.0
0.0,47878.0
0.0,47878.0
0.0,47881.0
0.0,47920.0
0.0,47920.0
0.0,47925.0
0.0,47930.0
0.0,47956.0
0.0,47956.0
0.0,47956.0
0.0,47960.0
0.0,47960.0
0.0,47960.0
0.0,47960.0
0.0,47960.0
0.0,47976.0
0.0,48005.0
0.0,48009.0
0.0,48017.0
0.0,48031.0
0.0,48031.0
0.0,48044.0
0.0,48044.0
0.0,48044.0
0.0,48044.0
0.0,48044.0
0.0,48044.0
0.0,48044.0
0.0,48044.0
0.0,48044.0
0.0,48044.0
0.0,48044.0
0.0,48044.0
0.0,48044.0
0.0,48044.0
0.0,48044.0
0.0,48044.0
0.0,48059.0
0.0,48059.0
0.0,48059.0
0.0,48059.0
0.0,48059.0
0.0,48059.0
0.0,48059.0
0.0,48059.0
0.0,48064.0
0.0,48064.0
0.0,48071.0
0.0,48077.0
0.0,48077.0
0.0,48077.0
0.0,48077.0
0.0,48078.0
0.0,48078.0
0.0,48078.0
0.0,48078.0
0.0,48078.0
0.0,48083.0
0.0,48083.0
0.0,48083.0
0.0,48083.0
0.0,48083.0
0.0,48083.0
0.0,48083.0
0.0,48083.0
0.0,48083.0
0.0,48083.0
0.0,48083.0
0.0,48083.0
0.0,48083.0
0.0,48083.0
0.0,48094.0
0.0,48094.0
0.0,48115.0
0.0,48115.0
0.0,48128.0
0.0,48128.0
0.0,48128.0
0.0,48128.0
0.0,48128.0
0.0,48140.0
0.0,48143.0
0.0,48148.0
0.0,48148.0
0.0,48188.0
0.0,48215.0
0.0,48222.0
0.0,48222.0
0.0,48222.0
0.0,48222.0
0.0,48227.0
0.0,48227.0
0.0,48233.0
0.0,48233.0
0.0,48233.0
0.0,48247.0
0.0,48247.0
0.0,48247.0
0.0,48247.0
0.0,48247.0
0.0,48247.0
0.0,48247.0
0.0,48254.0
0.0,48254.0
0.0,48260.0
0.0,48261.0
0.0,48278.0
0.0,48291.0
0.0,48291.0
0.0,48291.0
0.0,48330.0
0.0,48373.0
0.0,48382.0
0.0,48428.0
0.0,48438.0
0.0,48461.0
0.0,48467.0
0.0,48467.0
0.0,48467.0
0.0,48467.0
0.0,48491.0
0.0,48494.0
0.0,48494.0
0.0,48494.0
0.0,48494.0
0.0,48494.0
0.0,48494.0
0.0,48494.0
0.0,48494.0
0.0,48498.0
0.0,48600.0
0.0,48611.0
0.0,48611.0
0.0,48617.0
0.0,48648.0
0.0,48648.0
0.0,48648.0
0.0,48659.0
0.0,48689.0
0.0,48689.0
0.0,48692.0
0.0,48713.0
0.0,48713.0
0.0,48713.0
0.0,48713.0
0.0,48713.0
0.0,48713.0
0.0,48713.0
0.0,48713.0
0.0,48713.0
0.0,48713.0
0.0,48713.0
0.0,48744.0
0.0,48748.0
0.0,48748.0
0.0,48754.0
0.0,48773.0
0.0,48773.0
0.0,48783.0
0.0,48796.0
0.0,48808.0
0.0,48833.0
0.0,48897.0
0.0,48922.0
0.0,48934.0
0.0,48934.0
0.0,48936.0
0.0,48936.0
0.0,48936.0
0.0,48944.0
0.0,48944.0
0.0,49012.0
0.0,49016.0
0.0,49016.0
0.0,49021.0
0.0,49024.0
0.0,49049.0
0.0,49074.0
0.0,49074.0
0.0,49074.0
0.0,49074.0
0.0,49074.0
0.0,49074.0
0.0,49074.0
0.0,49080.0
0.0,49080.0
0.0,49092.0
0.0,49094.0
0.0,49143.0
0.0,49143.0
0.0,49143.0
0.0,49176.0
0.0,49188.0
0.0,49188.0
0.0,49193.0
0.0,49193.0
0.0,49193.0
0.0,49195.0
0.0,49215.0
0.0,49218.0
0.0,49218.0
0.0,49218.0
0.0,49218.0
0.0,49218.0
0.0,49218.0
0.0,49246.0
0.0,49246.0
0.0,49246.0
0.0,49296.0
0.0,49305.0
0.0,49314.0
0.0,49331.0
0.0,49344.0
0.0,49344.0
0.0,49366.0
0.0,49366.0
0.0,49436.0
0.0,49460.0
0.0,49460.0
0.0,49460.0
0.0,49460.0
0.0,49470.0
0.0,49470.0
0.0,49497.0
0.0,49502.0
0.0,49558.0
0.0,49563.0
0.0,49568.0
0.0,49581.0
0.0,49581.0
0.0,49581.0
0.0,49581.0
0.0,49592.0
0.0,49596.0
0.0,49612.0
0.0,49631.0
0.0,49631.0
0.0,49631.0
0.0,49631.0
0.0,49631.0
0.0,49631.0
0.0,49631.0
0.0,49631.0
0.0,49631.0
0.0,49631.0
0.0,49631.0
0.0,49643.0
0.0,49649.0
0.0,49657.0
0.0,49675.0
0.0,49679.0
0.0,49688.0
0.0,49691.0
0.0,49693.0
0.0,49698.0
0.0,49714.0
0.0,49723.0
0.0,49728.0
0.0,49728.0
0.0,49728.0
0.0,49735.0
0.0,49735.0
0.0,49743.0
0.0,49772.0
0.0,49772.0
0.0,49772.0
0.0,49772.0
0.0,49772.0
0.0,49772.0
0.0,49772.0
0.0,49772.0
0.0,49772.0
0.0,49779.0
0.0,49789.0
0.0,49789.0
0.0,49789.0
0.0,49804.0
0.0,49812.0
0.0,49812.0
0.0,49851.0
0.0,49852.0
0.0,49852.0
0.0,49852.0
0.0,49872.0
0.0,49872.0
0.0,49872.0
0.0,49879.0
0.0,49897.0
0.0,49897.0
0.0,49905.0
0.0,49911.0
0.0,49911.0
0.0,49911.0
0.0,49911.0
0.0,49920.0
0.0,49941.0
0.0,49944.0
0.0,49944.0
0.0,49968.0
0.0,49990.0
0.0,50026.0
0.0,50030.0
0.0,50034.0
0.0,50034.0
0.0,50034.0
0.0,50034.0
0.0,50059.0
0.0,50084.0
0.0,50084.0
0.0,50084.0
0.0,50084.0
0.0,50084.0
0.0,50084.0
0.0,50084.0
0.0,50084.0
0.0,50086.0
0.0,50098.0
0.0,50098.0
0.0,50098.0
0.0,50098.0
0.0,50098.0
0.0,50102.0
0.0,50104.0
0.0,50104.0
0.0,50104.0
0.0,50104.0
0.0,50104.0
0.0,50104.0
0.0,50104.0
0.0,50104.0
0.0,50120.0
0.0,50133.0
0.0,50136.0
0.0,50136.0
0.0,50136.0
0.0,50136.0
0.0,50136.0
0.0,50136.0
0.0,50136.0
0.0,50136.0
0.0,50136.0
0.0,50139.0
0.0,50161.0
0.0,50161.0
0.0,50165.0
0.0,50167.0
0.0,50185.0
0.0,50246.0
0.0,50254.0
0.0,50254.0
0.0,50277.0
0.0,50277.0
0.0,50310.0
0.0,50310.0
0.0,50310.0
0.0,50320.0
0.0,50328.0
0.0,50328.0
0.0,50328.0
